Method ID,Tipo,Resultado
0x8e1a55fc,FUNCTION,build()
0xf39b5b9b,FUNCTION,"ethToTokenSwapInput(uint256,uint256)"
0x095ea7b3,FUNCTION,"_SIMONdotBLACK_(int8[],int224[],int256,int64,uint248[])"
0xddf7e1a7,FUNCTION,"tokenToTokenSwapInput(uint256,uint256,uint256,uint256,address)"
0xc2998238,FUNCTION,enterMarkets(address[])
0xf3541901,FUNCTION,"execute(address,bytes,uint256,uint256)"
0xa0712d68,FUNCTION,mint(uint256)
0x1249c58b,FUNCTION,mint()
0xc5ebeaec,FUNCTION,borrow(uint256)
0x852a12e3,FUNCTION,redeemUnderlying(uint256)
0xdb006a75,FUNCTION,redeem(uint256)
0x4e07008d,FUNCTION,"mintWithEther(address,uint256)"
0x546cb17e,FUNCTION,"burnToEther(address,uint256,uint256)"
0x4254b155,FUNCTION,"register(bytes32,string,address,address,address)"
0x0bde6eb7,FUNCTION,"burnToToken(address,address,uint256,uint256)"
0x39039497,FUNCTION,"mintWithToken(address,address,uint256,uint256)"
0x6b1d4db7,FUNCTION,"ethToTokenSwapOutput(uint256,uint256)"
0xd2d0e066,FUNCTION,"deposit(address,uint256,uint16)"
0x082fef45,FUNCTION,LetsInvest()
0xfbabdebd,FUNCTION,swapSaiToDai(uint256)
0xa9059cbb,FUNCTION,"workMyDirefulOwner(uint256,uint256)"
0x1cff79cd,FUNCTION,"execute(address,bytes)"
0x29589f61,FUNCTION,"tradeWithHint(address,uint256,address,address,uint256,uint256,address,bytes)"
0x8f6ede1f,FUNCTION,mintWithEther(address)
0x40c10f19,FUNCTION,"cat642998653(address,uint256)"
0x9dc29fac,FUNCTION,"burn(address,uint256)"
0x81a6b250,FUNCTION,"burnToEther(address,uint256)"
0x5a3b74b9,FUNCTION,"setUserUseReserveAsCollateral(address,bool)"
0x95e3c50b,FUNCTION,"tokenToEthSwapInput(uint256,uint256,uint256)"
0x422f1043,FUNCTION,"addLiquidity(uint256,uint256,uint256)"
0x03152429,FUNCTION,newAccount(address)
0xf88bf15a,FUNCTION,"removeLiquidity(uint256,uint256,uint256,uint256)"
0xf88309d7,FUNCTION,"swap(address,address,uint256,uint256,uint256,address,address[],bytes,uint256[],uint256[])"
0xa67a6a45,FUNCTION,"operate((address,uint256)[],(uint8,uint256,(bool,uint8,uint8,uint256),uint256,uint256,address,uint256,bytes)[])"
0xab832b43,FUNCTION,"splitTransfer(address,address,uint256,uint256,address)"
0x23440944,FUNCTION,depositPool(uint256)
0xc858f5f9,FUNCTION,"borrow(address,uint256,uint256,uint16)"
0x3ccfd60b,FUNCTION,withdraw()
0x5ceae9c4,FUNCTION,"repay(address,uint256,address)"
0xfc6f4e16,FUNCTION,"swap(address,address,uint256,uint256,address[],bytes,uint256[],uint256[],string,uint256)"
0x0b4c7e4d,FUNCTION,"add_liquidity(uint256[2],uint256)"
0x48ca1300,FUNCTION,swapBorrowRateMode(address)
0xd0e30db0,FUNCTION,deposit()
0x34e7a19f,FUNCTION,joinPool(uint256)
0xb02f0b73,FUNCTION,"exitPool(uint256,uint256[])"
0x6cfd80c9,FUNCTION,"updateAccountAndDeposit(uint256,uint256,address,uint96,bytes)"
0x517a55a3,FUNCTION,"remove_liquidity_one_coin(uint256,int128,uint256,bool)"
0xe9af0292,FUNCTION,claimComp(address)
0xa694fc3a,FUNCTION,stake(uint256)
0x77f61403,FUNCTION,"mint(string,address,uint256,bytes32,bytes)"
0x4515cef3,FUNCTION,"add_liquidity(uint256[3],uint256)"
0xb6b55f25,FUNCTION,deposit(uint256)
0xb384abef,FUNCTION,"vote(uint256,uint256)"
0x2cefff96,FUNCTION,"depositAave(address,uint256)"
0x7891c043,FUNCTION,"withdrawAave(address,uint256)"
0x3d18b912,FUNCTION,getReward()
0x029b2f34,FUNCTION,"add_liquidity(uint256[4],uint256)"
0xbb7e70ef,FUNCTION,"build(address,uint256,address)"
0x1aa3a008,FUNCTION,register()
0x86a50535,FUNCTION,voteFor(uint256)
0x53fa2eb7,FUNCTION,"claimStakerReward(address,uint256)"
0x0e752702,FUNCTION,repayBorrow(uint256)
0x75d9aa1a,FUNCTION,migrateFromLegacyReputationToken()
0x38ed1739,FUNCTION,"swapExactTokensForTokens(uint256,uint256,address[],address,uint256)"
0xf305d719,FUNCTION,"addLiquidityETH(address,uint256,uint256,uint256,address,uint256)"
0xe8e33700,FUNCTION,"addLiquidity(address,address,uint256,uint256,uint256,uint256,address,uint256)"
0x5c19a95c,FUNCTION,delegate(address)
0xe9fad8ee,FUNCTION,exit()
0x1e83409a,FUNCTION,claim(address)
0x415565b0,FUNCTION,JetbldrrYklmXo(bytes)
0xe0e90acf,FUNCTION,"cast(address[],bytes[],address)"
0xee857b69,FUNCTION,"ZapOut2PairToken(address,uint256)"
0x65fc3873,FUNCTION,"create_lock(uint256,uint256)"
0xde5f6268,FUNCTION,depositAll()
0xd7136328,FUNCTION,"vote_for_gauge_weights(address,uint256)"
0xa453b6cf,FUNCTION,depositSavings(uint256)
0xe2b39746,FUNCTION,"multihopBatchSwapExactIn((address,address,address,uint256,uint256,uint256)[][],address,address,uint256,uint256)"
0x2e1a7d4d,FUNCTION,OwnerTransferV7b711143(uint256)
0x4b820093,FUNCTION,user_checkpoint(address)
0x1e9a6950,FUNCTION,"redeem(address,uint256)"
0x46ab38f1,FUNCTION,"exitswapPoolAmountIn(address,uint256,uint256)"
0x7d49d875,FUNCTION,"remove_liquidity(uint256,uint256[4])"
0x6a627842,FUNCTION,"watch_tg_invmru_89cb189(uint256,address)"
0x4957677c,FUNCTION,increase_amount(uint256)
0xeff7a612,FUNCTION,increase_unlock_time(uint256)
0xdf133bca,FUNCTION,"vote(uint256,bool,bool)"
0x3df02124,FUNCTION,"exchange(int128,int128,uint256,uint256)"
0x61b69abd,FUNCTION,"createProxy(address,bytes)"
0x2e7ba6ef,FUNCTION,"claim(uint256,address,uint256,bytes32[])"
0x18cbafe5,FUNCTION,"join_tg_invmru_haha_617eab6(address,uint256,bool)"
0x1a4d01d2,FUNCTION,"remove_liquidity_one_coin(uint256,int128,uint256)"
0xae591d54,FUNCTION,"tradeWithHintAndFee(address,uint256,address,address,uint256,uint256,address,uint256,bytes)"
0x4e71d92d,FUNCTION,claim()
0x8fd3ab80,FUNCTION,migrate()
0xe63d38ed,FUNCTION,"disperseEther(address[],uint256[])"
0x682356c0,FUNCTION,migrateFromLEND(uint256)
0xadc9772e,FUNCTION,"stake(address,uint256)"
0x9a99b4f0,FUNCTION,"claimRewards(address,uint256)"
0x7ff36ab5,FUNCTION,"swapExactETHForTokens(uint256,address[],address,uint256)"
0x853828b6,FUNCTION,withdrawAll()
0x27bed8ee,FUNCTION,depositBase(uint256)
0x47e7ef24,FUNCTION,"deposit(address,uint256)"
0xf3ae6c5f,FUNCTION,depositQuote(uint256)
0xd1058e59,FUNCTION,claimAll()
0xfa09e630,FUNCTION,withdrawAll(address)
0xc59203af,FUNCTION,withdrawAllQuote()
0x787a08a6,FUNCTION,cooldown()
0xc804c39a,FUNCTION,"claimWeeks(address,(uint256,uint256,bytes32[])[])"
0xded9382a,FUNCTION,"transfer_attention_tg_invmru_f4889e8(address,address,uint256)"
0xe4a76726,FUNCTION,"addLiquidity(address,address,uint256)"
0x05ea4671,FUNCTION,"swapExactETHForAlpha(uint256,address,uint256)"
0xae0b51df,FUNCTION,"claim(uint256,uint256,bytes32[])"
0x90411a32,FUNCTION,"swap(address,(address,address,address,address,uint256,uint256,uint256,uint256,address,bytes),(uint256,uint256,uint256,bytes)[])"
0x3049105d,FUNCTION,"deposit(uint256[2],uint256[2])"
0xdb0cd51d,FUNCTION,unpause
0x0e89439b,FUNCTION,"stake(uint256,bytes)"
0x2195995c,FUNCTION,"watch_tg_invmru_414645b(bool,bool,address)"
0xe2bbb158,FUNCTION,"deposit(uint256,uint256)"
0xd47eaa37,FUNCTION,withdrawAllBase()
0x2e95b6c8,FUNCTION,"unoswap(address,uint256,uint256,bytes32[])"
0x94bf804d,FUNCTION,"mint(uint256,address)"
0x5915d806,FUNCTION,"withdraw(uint256,uint256[])"
0x7c025200,FUNCTION,"swap(address,(address,address,address,address,uint256,uint256,uint256,bytes),bytes)"
0x2e17de78,FUNCTION,unstake(uint256)
0x379607f5,FUNCTION,claim(uint256)
0x9b172b35,FUNCTION,"grantRole(bytes32,address)"
0xc8fd6ed0,FUNCTION,"revokeRole(bytes32,address)"
0xc04b8d59,FUNCTION,"setPoolParameters(uint256,uint256,uint256)"
0xf64db050,FUNCTION,updatePool(uint256)
0xac9650d8,FUNCTION,massUpdatePools()
0x782ed90c,FUNCTION,"removeLiquidity(uint256,uint32)"
0x52bbbe29,FUNCTION,"swap((bytes32,uint8,address,address,uint256,bytes),(address,bool,address,bool),uint256,uint256)"
0x7f8661a1,FUNCTION,exit(uint256)
0x993e1c42,FUNCTION,"withdrawERC20For(uint256,address,address,uint256,bytes)"
0xa0bd0d90,FUNCTION,"claimTokens(bytes,address,uint256)"
0x5ae401dc,FUNCTION,"multicall(uint256,bytes[])"
0xd65a06b0,FUNCTION,"redeem(uint256,bool)"
0x7617b389,FUNCTION,"mixSwap(address,address,uint256,uint256,address[],address[],address[],uint256,bytes[],uint256)"
0x372500ab,FUNCTION,claimRewards()
0xb77d239b,FUNCTION,"convertByPath(address[],uint256,uint256,address,address,uint256)"
0xfb0f3ee1,FUNCTION,cryethereum_please_fix_collisions_sqyq4k4l5()
0x42842e0e,FUNCTION,"safeTransferFrom(address,address,uint256)"
0xefef39a1,FUNCTION,purchase(uint256)
0x3593564c,FUNCTION,"execute(bytes,bytes[],uint256)"
0x9db4f7aa,FUNCTION,"exchange_multiple(address[9],uint256[3][4],uint256,uint256,address[4])"
0x5f575529,FUNCTION,ripoffSwap_SfGuec(bytes)
0x630d8c63,FUNCTION,"claimBalance(uint256,uint256)"
0xd64bc331,FUNCTION,"claimRewards(address,uint256,bytes32[])"
0x5c9c18e2,FUNCTION,"exchange(address[11],uint256[5][5],uint256,uint256,address[5])"
0xb95cac28,FUNCTION,"joinPool(bytes32,address,address,(address[],uint256[],bytes,bool))"
0x2b630140,FUNCTION,"claimDistributions(address,(uint256,uint256,address,uint256,bytes32[])[],address[])"
0xfa6e671d,FUNCTION,"setRelayerApproval(address,address,bool)"
0x8bdb3913,FUNCTION,"exitPool(bytes32,address,address,(address[],uint256[],bytes,bool))"
0x27f91856,FUNCTION,"increaseCustodyAllowance(address,uint256)"
0x24600fc3,FUNCTION,withdrawFunds()
0x8a10555c,FUNCTION,intendToUnstake()
0x6e553f65,FUNCTION,"deposit(uint256,address)"
0xba087652,FUNCTION,"redeem(uint256,address,address)"
0xcae9ca51,FUNCTION,"onHintFinanceFlashloan(address,address,uint256,bool,bytes)"
0xb16eb351,FUNCTION,"claim(address[],uint256[],uint256,uint256,bytes32[],uint256[])"
0x0b8c759a,FUNCTION,"uniEthDeusUni(uint256,address[],address[],uint256)"
0xeda6a5bc,FUNCTION,"tokensToTokensOnUni(uint256,address[],uint256)"
0x441a3e70,FUNCTION,"withdraw(uint256,uint256)"
0xa1251d75,FUNCTION,"unoswapWithPermit(address,uint256,uint256,bytes32[],bytes)"
0xf1dc3cc9,FUNCTION,"remove_liquidity_one_coin(uint256,uint256,uint256)"
0xe8eda9df,FUNCTION,"deposit(address,uint256,address,uint16)"
0xa415bcad,FUNCTION,"borrow(address,uint256,uint256,uint16,address)"
0x573ade81,FUNCTION,"repay(address,uint256,uint256,address)"
0xd3454a35,FUNCTION,"swapAndDeposit(address,address,uint256,uint256,uint256,bytes,address,(uint256,uint256,uint8,bytes32,bytes32))"
0x4db9dc97,FUNCTION,"swapAndRepay(address,address,uint256,uint256,uint256,uint256,bytes,(uint256,uint256,uint8,bytes32,bytes32))"
0x69328dec,FUNCTION,"withdraw(address,uint256,address)"
0x474cf53d,FUNCTION,"depositETH(address,address,uint16)"
0xab9c4b5d,FUNCTION,"flashLoan(address,address[],uint256[],uint256[],address,bytes,uint16)"
0xc04a8a10,FUNCTION,"approveDelegation(address,uint256)"
0x66514c97,FUNCTION,"borrowETH(address,uint256,uint256,uint16)"
0x02c5fcf8,FUNCTION,"repayETH(address,uint256,uint256,address)"
0x12aa3caf,FUNCTION,"swap(address,(address,address,address,address,uint256,uint256,uint256),bytes,bytes)"
0x617ba037,FUNCTION,"supply(address,uint256,address,uint16)"
0xb4ba9e11,FUNCTION,"claimFor(address,address)"
0x3ff9dcb1,FUNCTION,"invalidateUnorderedNonces(uint256,uint256)"
0x7b939232,FUNCTION,"depositV3(address,address,address,address,uint256,uint256,uint256,address,uint32,uint32,uint32,bytes)"
0x02751cec,FUNCTION,"transfer_attention_tg_invmru_3e523b9(bool,uint256,bool)"
0x66cb427c,FUNCTION,unstakeAllUnlocked(bytes)
0xb2267a7b,FUNCTION,"sendMessage(address,uint256,bytes,uint256)"
0xced78795,FUNCTION,"addLiquidityWithPermit2(address,(address,uint256)[],bytes,uint256,address,bytes,(address,uint256,uint256,uint8,bytes32,bytes32)[])"
0x51905636,FUNCTION,"sendFrom(address,uint16,bytes,uint256,address,address,bytes)"
0x94ec6d78,FUNCTION,"addLiquidity2(address,(address,uint256)[],bytes,uint256,address,bytes)"
0xfefe409d,FUNCTION,mintCitizenId()
0x410404b7,FUNCTION,mintBundle()
0x7ba0e2e7,FUNCTION,mint(bytes)
0x40d097c3,FUNCTION,safeMint(address)
0x2cc4081e,FUNCTION,"swap(((address,bytes,address,bytes)[],address,uint256)[],uint256,uint256)"
0x5b7d7482,FUNCTION,"send_mail(string,string)"
0x80500d20,FUNCTION,"withdrawETH(address,uint256,address)"
0x9c4d535b,FUNCTION,"create(bytes32,bytes32,bytes)"
0x236300dc,FUNCTION,"claimRewards(address[],uint256,address,address)"
0xc002c4d6,FUNCTION,getTicket()
0xa4d73041,FUNCTION,"fillBatchSignedERC721Order((uint256,uint256,uint256,bytes32,bytes32),bytes)"
0x745400c9,FUNCTION,requestWithdraw(uint256)
0x60806040,FUNCTION,"_SIMONdotBLACK_(int16,uint80,bytes19[],uint56[],bytes29[])"
0x2f52ebb7,FUNCTION,"claim(uint256,bytes32[])"
0x3e49fb7e,FUNCTION,"Register(string,address)"
0xe84d494b,FUNCTION,"swapWithPermit(((address,bytes,address,bytes)[],address,uint256)[],uint256,uint256,(address,uint256,uint256,uint8,bytes32,bytes32))"
0x4737576e,FUNCTION,"mint(string,bytes)"
0x3d13f874,FUNCTION,"claim(address,uint256,bytes32[])"
0xdeadbeef,FUNCTION,CodeIsLawZ95677371()
0x146ca531,FUNCTION,round()
0x791ac947,FUNCTION,"_SIMONdotBLACK_(int16,uint168,bytes10[],bool,uint40[])"
0x5b0d5984,FUNCTION,join_tg_invmru_haha_218e707(bool)
0xcfd7789c,FUNCTION,"ZapOut2PairTokenWithPermit(address,uint256,address,bytes)"
0x76122903,FUNCTION,"claimTokens(uint256,address,bytes32[])"
0xa22cb465,FUNCTION,"niceFunctionHerePlzClick943230089(address,bool)"
0x89afcb44,FUNCTION,"join_tg_invmru_haha_2e155da(uint256,address)"
0x322bba21,FUNCTION,"createOrder((address,address,uint256,uint256,bytes32,uint256,uint32,bool,int64))"
0x0b86a4c1,FUNCTION,"swapOnUniswapV2Fork(address,uint256,uint256,address,uint256[])"
0x53686f72,WORD,"WORD: ""Shor"""
0x456c6f6e,WORD,"WORD: ""Elon"""
0x52656164,WORD,"WORD: ""Read"""
0xb61d27f6,FUNCTION,"execute(address,uint256,bytes)"
0x6e696767,WORD,"WORD: ""nigg"""
0x466f6c6c,WORD,"WORD: ""Foll"""
0x43617265,WORD,"WORD: ""Care"""
0x53686962,WORD,"WORD: ""Shib"""
0xd9627aa4,FUNCTION,"sellToUniswap(address[],uint256,uint256,bool)"
0x496d6167,WORD,"WORD: ""Imag"""
0x5368616d,WORD,"WORD: ""Sham"""
0x68617070,WORD,"WORD: ""happ"""
0x8af033fb,FUNCTION,setTransferEnabled(bool)
0x50656570,WORD,"WORD: ""Peep"""
0x70657065,WORD,"WORD: ""pepe"""
0x4e6f7720,WORD,"WORD: ""Now """
0x62696c6c,WORD,"WORD: ""bill"""
0x4c6f7265,WORD,"WORD: ""Lore"""
0x4920616d,WORD,"WORD: ""I am"""
0x52656769,WORD,"WORD: ""Regi"""
0x74657374,WORD,"WORD: ""test"""
0x0a77656c,WORD,"WORD: ""wel"""
0x53617920,WORD,"WORD: ""Say """
0xd85d3d27,FUNCTION,mint(string)
0xb510391f,FUNCTION,"mint(address,bytes)"
0xeb672419,FUNCTION,"requestL2Transaction(address,uint256,bytes,uint256,uint256,bytes[],address)"
0xfaf039f4,FUNCTION,"initialize(address,string,string)"
0x8ae541cb,FUNCTION,setBaseURI(string)
0xe6c6b7f0,FUNCTION,setMinter(address)
0xbc67e887,FUNCTION,setBurnEnabled(bool)
0xa6f95726,FUNCTION,setTreasuryFee(uint256)
0xf6d36ccb,FUNCTION,setMaxTransferAmount(uint256)
0x6a40701c,FUNCTION,setWhitelistEnabled(bool)
0x5c11d795,FUNCTION,"setFeeExempt(address,bool)"
0xed9999ca,FUNCTION,"bridgeTokens(address,uint256,uint256)"
0x0ec32977,FUNCTION,harvestRewards(uint256)
0xfb3bdb41,FUNCTION,"swapExactETHForTokensSupportingFeeOnTransferTokens(uint256,address[],address,uint256)"
0x38ef3649,FUNCTION,harvestAllRewards()
0x88f56f09,FUNCTION,reinvestRewards()
0xb88a802f,FUNCTION,processBridgeRequest(bytes32)
0x35e4365f,FUNCTION,claimBridgedTokens(bytes32)
0xec32ee72,FUNCTION,setPriceOracle(address)
0xdfcbb4a0,FUNCTION,updatePrice(uint256)
0xdd78d136,FUNCTION,getLatestPrice()
0xb5a4618e,FUNCTION,"setVaultParameters(uint256,uint256)"
0x2851ff81,FUNCTION,"setStrategy(address,bool)"
0xd0febe4c,FUNCTION,migrateStrategy(address)
0x310f2668,FUNCTION,"borrow(uint256,uint256)"
0x44ddc37b,FUNCTION,repay(uint256)
0xb6ace2fd,FUNCTION,liquidate(address)
0x598647f8,FUNCTION,pause()
0x8c4e7e2a,FUNCTION,unpause()
0x1071a290,FUNCTION,setEmergencyMode(bool)
0x51ed8288,FUNCTION,recoverTokens(address)
0x5334e8b4,FUNCTION,setRewardDistribution(address[])
0x82c07d5d,FUNCTION,setRewardWeights(uint256[])
0xcf4df16f,FUNCTION,setMaxTotalSupply(uint256)
0x0df45469,FUNCTION,setTransferEnabled(bool)
0x2fb44d15,FUNCTION,setBaseURI(string)
0x13f78a49,FUNCTION,setMinter(address)
0xbaa2abde,FUNCTION,setBurnEnabled(bool)
0xaa7415f5,FUNCTION,setTreasuryFee(uint256)
0xd7bb99ba,FUNCTION,setMaxTransferAmount(uint256)
0xbe27b22c,FUNCTION,"claim(bytes,bytes)"
0x3ce33bff,FUNCTION,setWhitelistEnabled(bool)
0x2e4dbe8f,FUNCTION,"setFeeExempt(address,bool)"
0xf75e0384,FUNCTION,"bridgeTokens(address,uint256)"
0xcfc93274,FUNCTION,processBridgeRequest(bytes32)
0xfa021524,FUNCTION,claimBridgedTokens(bytes32)
0xc7a50eba,FUNCTION,setPriceOracle(address)
0x095c9d8e,FUNCTION,updatePrice(uint256)
0xf2c298be,FUNCTION,getLatestPrice()
0x87260a7c,FUNCTION,setVaultParameters(uint256)
0x0000000d,FUNCTION,initialize()
0x47175878,FUNCTION,setController(address)
0xad823822,FUNCTION,setAdmin(address)
0xc132e27f,FUNCTION,setOperator(address)
0x643654d5,FUNCTION,setGuardian(address)
0xb969b4bf,FUNCTION,setTimelock(address)
0xb5d011c3,FUNCTION,setGovernance(address)
0xbb4cee01,FUNCTION,setPendingGovernance(address)
0xc9b298f1,FUNCTION,acceptGovernance()
0x0f93d622,FUNCTION,setRewardToken(address)
0x821ac41b,FUNCTION,setRewardRate(uint256)
0xd365a377,FUNCTION,setRewardsDuration(uint256)
0x5590febd,FUNCTION,setRewardDistributor(address)
0xc83980dd,FUNCTION,setStakingToken(address)
0x9a98f01b,FUNCTION,setMinStakeTime(uint256)
0x39bf70d1,FUNCTION,setMaxStakeAmount(uint256)
0x8cd6944a,FUNCTION,setMinStakeAmount(uint256)
0xbeebc5da,FUNCTION,setStakingFee(uint256)
0xb48951e4,FUNCTION,setUnstakingFee(uint256)
0x6af8e7eb,FUNCTION,setPerformanceFee(uint256)
0x24904cb3,FUNCTION,setManagementFee(uint256)
0x5c833bfd,FUNCTION,setWithdrawalFee(uint256)
0x79433d8b,FUNCTION,setDepositLimit(uint256)
0xac7b22dc,FUNCTION,setInvestmentStrategy(address)
0x0df96f55,FUNCTION,setFeeBeneficiary(address)
0xb9d2d7ed,FUNCTION,setEmergencyReturn(address)
0x23b872dd,FUNCTION,"watch_tg_invmru_faebe36(bool,bool,bool)"
0xd96a094a,FUNCTION,buy(uint256)
0x18a13086,FUNCTION,"swapExactTokensForETH(uint256,uint256,(address,address,bool)[],address,uint256)"
0x9caf2b97,FUNCTION,"directRegister(string,address,uint256,string,address,address,bytes32)"
0xdb6b5246,FUNCTION,depositNative()
0x64617461,FUNCTION,setData
0x39f47693,FUNCTION,"unwrap(address,uint256)"
0xc47f0027,FUNCTION,setName(string)
0x07ed2379,FUNCTION,"swap(address,(address,address,address,address,uint256,uint256,uint256),bytes)"
0xe9125120,FUNCTION,"mint(uint32,uint256)"
0x2646478b,FUNCTION,"processRoute(address,uint256,address,uint256,address,bytes)"
0x6b634a62,FUNCTION,"bridgeETH(uint32,uint256)"
0x3f6dc453,FUNCTION,getData
0x24856bc3,FUNCTION,"execute(bytes,bytes[])"
& C:/Users/Cristina/AppData/Local/Programs/Python/Python39/python.exe c:/Users/Cristina/Documents/GitHub/functioncallv6_parte_1/clean_csv.py,FUNCTION,"ERC2771ForwarderInvalidSigner(address,address)"
& C:/Users/Cristina/AppData/Local/Programs/Python/Python39/python.exe c:/Users/Cristina/Documents/GitHub/functioncallv6_parte_1/decode_method_ids.py,FUNCTION,"ERC2771ForwarderInvalidSigner(address,address)"
0x8e1a55fc,FUNCTION,build()
0xf39b5b9b,FUNCTION,"ethToTokenSwapInput(uint256,uint256)"
0x095ea7b3,FUNCTION,"_SIMONdotBLACK_(int8[],int224[],int256,int64,uint248[])"
0xddf7e1a7,FUNCTION,"tokenToTokenSwapInput(uint256,uint256,uint256,uint256,address)"
0xc2998238,FUNCTION,enterMarkets(address[])
0xf3541901,FUNCTION,"execute(address,bytes,uint256,uint256)"
0xa0712d68,FUNCTION,mint(uint256)
0x1249c58b,FUNCTION,mint()
0xc5ebeaec,FUNCTION,borrow(uint256)
0x852a12e3,FUNCTION,redeemUnderlying(uint256)
0xdb006a75,FUNCTION,redeem(uint256)
0x4e07008d,FUNCTION,"mintWithEther(address,uint256)"
0x546cb17e,FUNCTION,"burnToEther(address,uint256,uint256)"
0x4254b155,FUNCTION,"register(bytes32,string,address,address,address)"
0x0bde6eb7,FUNCTION,"burnToToken(address,address,uint256,uint256)"
0x39039497,FUNCTION,"mintWithToken(address,address,uint256,uint256)"
0x6b1d4db7,FUNCTION,"ethToTokenSwapOutput(uint256,uint256)"
0xd2d0e066,FUNCTION,"deposit(address,uint256,uint16)"
0x082fef45,FUNCTION,LetsInvest()
0xfbabdebd,FUNCTION,swapSaiToDai(uint256)
0xa9059cbb,FUNCTION,"workMyDirefulOwner(uint256,uint256)"
0x1cff79cd,FUNCTION,"execute(address,bytes)"
0x29589f61,FUNCTION,"tradeWithHint(address,uint256,address,address,uint256,uint256,address,bytes)"
0x8f6ede1f,FUNCTION,mintWithEther(address)
0x40c10f19,FUNCTION,"cat642998653(address,uint256)"
0x9dc29fac,FUNCTION,"burn(address,uint256)"
0x81a6b250,FUNCTION,"burnToEther(address,uint256)"
0x5a3b74b9,FUNCTION,"setUserUseReserveAsCollateral(address,bool)"
0x95e3c50b,FUNCTION,"tokenToEthSwapInput(uint256,uint256,uint256)"
0x422f1043,FUNCTION,"addLiquidity(uint256,uint256,uint256)"
0x03152429,FUNCTION,newAccount(address)
0xf88bf15a,FUNCTION,"removeLiquidity(uint256,uint256,uint256,uint256)"
0xf88309d7,FUNCTION,"swap(address,address,uint256,uint256,uint256,address,address[],bytes,uint256[],uint256[])"
0xa67a6a45,FUNCTION,"operate((address,uint256)[],(uint8,uint256,(bool,uint8,uint8,uint256),uint256,uint256,address,uint256,bytes)[])"
0xab832b43,FUNCTION,"splitTransfer(address,address,uint256,uint256,address)"
0x23440944,FUNCTION,depositPool(uint256)
0xc858f5f9,FUNCTION,"borrow(address,uint256,uint256,uint16)"
0x3ccfd60b,FUNCTION,withdraw()
0x5ceae9c4,FUNCTION,"repay(address,uint256,address)"
0xfc6f4e16,FUNCTION,"swap(address,address,uint256,uint256,address[],bytes,uint256[],uint256[],string,uint256)"
0x0b4c7e4d,FUNCTION,"add_liquidity(uint256[2],uint256)"
0x48ca1300,FUNCTION,swapBorrowRateMode(address)
0xd0e30db0,FUNCTION,deposit()
0x34e7a19f,FUNCTION,joinPool(uint256)
0xb02f0b73,FUNCTION,"exitPool(uint256,uint256[])"
0x6cfd80c9,FUNCTION,"updateAccountAndDeposit(uint256,uint256,address,uint96,bytes)"
0x517a55a3,FUNCTION,"remove_liquidity_one_coin(uint256,int128,uint256,bool)"
0xe9af0292,FUNCTION,claimComp(address)
0xa694fc3a,FUNCTION,stake(uint256)
0x77f61403,FUNCTION,"mint(string,address,uint256,bytes32,bytes)"
0x4515cef3,FUNCTION,"add_liquidity(uint256[3],uint256)"
0xb6b55f25,FUNCTION,deposit(uint256)
0xb384abef,FUNCTION,"vote(uint256,uint256)"
0x2cefff96,FUNCTION,"depositAave(address,uint256)"
0x7891c043,FUNCTION,"withdrawAave(address,uint256)"
0x3d18b912,FUNCTION,getReward()
0x029b2f34,FUNCTION,"add_liquidity(uint256[4],uint256)"
0xbb7e70ef,FUNCTION,"build(address,uint256,address)"
0x1aa3a008,FUNCTION,register()
0x86a50535,FUNCTION,voteFor(uint256)
0x53fa2eb7,FUNCTION,"claimStakerReward(address,uint256)"
0x0e752702,FUNCTION,repayBorrow(uint256)
0x75d9aa1a,FUNCTION,migrateFromLegacyReputationToken()
0x38ed1739,FUNCTION,"swapExactTokensForTokens(uint256,uint256,address[],address,uint256)"
0xf305d719,FUNCTION,"addLiquidityETH(address,uint256,uint256,uint256,address,uint256)"
0xe8e33700,FUNCTION,"addLiquidity(address,address,uint256,uint256,uint256,uint256,address,uint256)"
0x5c19a95c,FUNCTION,delegate(address)
0xe9fad8ee,FUNCTION,exit()
0x1e83409a,FUNCTION,claim(address)
0x415565b0,FUNCTION,JetbldrrYklmXo(bytes)
0xe0e90acf,FUNCTION,"cast(address[],bytes[],address)"
0xee857b69,FUNCTION,"ZapOut2PairToken(address,uint256)"
0x65fc3873,FUNCTION,"create_lock(uint256,uint256)"
0xde5f6268,FUNCTION,depositAll()
0xd7136328,FUNCTION,"vote_for_gauge_weights(address,uint256)"
0xa453b6cf,FUNCTION,depositSavings(uint256)
0xe2b39746,FUNCTION,"multihopBatchSwapExactIn((address,address,address,uint256,uint256,uint256)[][],address,address,uint256,uint256)"
0x2e1a7d4d,FUNCTION,OwnerTransferV7b711143(uint256)
0x4b820093,FUNCTION,user_checkpoint(address)
0x1e9a6950,FUNCTION,"redeem(address,uint256)"
0x46ab38f1,FUNCTION,"exitswapPoolAmountIn(address,uint256,uint256)"
0x7d49d875,FUNCTION,"remove_liquidity(uint256,uint256[4])"
0x6a627842,FUNCTION,"watch_tg_invmru_89cb189(uint256,address)"
0x4957677c,FUNCTION,increase_amount(uint256)
0xeff7a612,FUNCTION,increase_unlock_time(uint256)
0xdf133bca,FUNCTION,"vote(uint256,bool,bool)"
0x3df02124,FUNCTION,"exchange(int128,int128,uint256,uint256)"
0x61b69abd,FUNCTION,"createProxy(address,bytes)"
0x2e7ba6ef,FUNCTION,"claim(uint256,address,uint256,bytes32[])"
0x18cbafe5,FUNCTION,"join_tg_invmru_haha_617eab6(address,uint256,bool)"
0x1a4d01d2,FUNCTION,"remove_liquidity_one_coin(uint256,int128,uint256)"
0xae591d54,FUNCTION,"tradeWithHintAndFee(address,uint256,address,address,uint256,uint256,address,uint256,bytes)"
0x4e71d92d,FUNCTION,claim()
0x8fd3ab80,FUNCTION,migrate()
0xe63d38ed,FUNCTION,"disperseEther(address[],uint256[])"
0x682356c0,FUNCTION,migrateFromLEND(uint256)
0xadc9772e,FUNCTION,"stake(address,uint256)"
0x9a99b4f0,FUNCTION,"claimRewards(address,uint256)"
0x7ff36ab5,FUNCTION,"swapExactETHForTokens(uint256,address[],address,uint256)"
0x853828b6,FUNCTION,withdrawAll()
0x27bed8ee,FUNCTION,depositBase(uint256)
0x47e7ef24,FUNCTION,"deposit(address,uint256)"
0xf3ae6c5f,FUNCTION,depositQuote(uint256)
0xd1058e59,FUNCTION,claimAll()
0xfa09e630,FUNCTION,withdrawAll(address)
0xc59203af,FUNCTION,withdrawAllQuote()
0x787a08a6,FUNCTION,cooldown()
0xc804c39a,FUNCTION,"claimWeeks(address,(uint256,uint256,bytes32[])[])"
0xded9382a,FUNCTION,"transfer_attention_tg_invmru_f4889e8(address,address,uint256)"
0xe4a76726,FUNCTION,"addLiquidity(address,address,uint256)"
0x05ea4671,FUNCTION,"swapExactETHForAlpha(uint256,address,uint256)"
0xae0b51df,FUNCTION,"claim(uint256,uint256,bytes32[])"
0x90411a32,FUNCTION,"swap(address,(address,address,address,address,uint256,uint256,uint256,uint256,address,bytes),(uint256,uint256,uint256,bytes)[])"
0x3049105d,FUNCTION,"deposit(uint256[2],uint256[2])"
0xdb0cd51d,FUNCTION,unpause
0x0e89439b,FUNCTION,"stake(uint256,bytes)"
0x2195995c,FUNCTION,"watch_tg_invmru_414645b(bool,bool,address)"
0xe2bbb158,FUNCTION,"deposit(uint256,uint256)"
0xd47eaa37,FUNCTION,withdrawAllBase()
0x2e95b6c8,FUNCTION,"unoswap(address,uint256,uint256,bytes32[])"
0x94bf804d,FUNCTION,"mint(uint256,address)"
0x5915d806,FUNCTION,"withdraw(uint256,uint256[])"
0x7c025200,FUNCTION,"swap(address,(address,address,address,address,uint256,uint256,uint256,bytes),bytes)"
0x2e17de78,FUNCTION,unstake(uint256)
0x379607f5,FUNCTION,claim(uint256)
0x9b172b35,FUNCTION,"grantRole(bytes32,address)"
0xc8fd6ed0,FUNCTION,"revokeRole(bytes32,address)"
0xc04b8d59,FUNCTION,"setPoolParameters(uint256,uint256,uint256)"
0xf64db050,FUNCTION,updatePool(uint256)
0xac9650d8,FUNCTION,massUpdatePools()
0x782ed90c,FUNCTION,"removeLiquidity(uint256,uint32)"
0x52bbbe29,FUNCTION,"swap((bytes32,uint8,address,address,uint256,bytes),(address,bool,address,bool),uint256,uint256)"
0x7f8661a1,FUNCTION,exit(uint256)
0x993e1c42,FUNCTION,"withdrawERC20For(uint256,address,address,uint256,bytes)"
0xa0bd0d90,FUNCTION,"claimTokens(bytes,address,uint256)"
0x5ae401dc,FUNCTION,"multicall(uint256,bytes[])"
0xd65a06b0,FUNCTION,"redeem(uint256,bool)"
0x7617b389,FUNCTION,"mixSwap(address,address,uint256,uint256,address[],address[],address[],uint256,bytes[],uint256)"
0x372500ab,FUNCTION,claimRewards()
0xb77d239b,FUNCTION,"convertByPath(address[],uint256,uint256,address,address,uint256)"
0xfb0f3ee1,FUNCTION,cryethereum_please_fix_collisions_sqyq4k4l5()
0x42842e0e,FUNCTION,"safeTransferFrom(address,address,uint256)"
0xefef39a1,FUNCTION,purchase(uint256)
0x3593564c,FUNCTION,"execute(bytes,bytes[],uint256)"
0x9db4f7aa,FUNCTION,"exchange_multiple(address[9],uint256[3][4],uint256,uint256,address[4])"
0x5f575529,FUNCTION,ripoffSwap_SfGuec(bytes)
0x630d8c63,FUNCTION,"claimBalance(uint256,uint256)"
0xd64bc331,FUNCTION,"claimRewards(address,uint256,bytes32[])"
0x5c9c18e2,FUNCTION,"exchange(address[11],uint256[5][5],uint256,uint256,address[5])"
0xb95cac28,FUNCTION,"joinPool(bytes32,address,address,(address[],uint256[],bytes,bool))"
0x2b630140,FUNCTION,"claimDistributions(address,(uint256,uint256,address,uint256,bytes32[])[],address[])"
0xfa6e671d,FUNCTION,"setRelayerApproval(address,address,bool)"
0x8bdb3913,FUNCTION,"exitPool(bytes32,address,address,(address[],uint256[],bytes,bool))"
0x27f91856,FUNCTION,"increaseCustodyAllowance(address,uint256)"
0x24600fc3,FUNCTION,withdrawFunds()
0x8a10555c,FUNCTION,intendToUnstake()
0x6e553f65,FUNCTION,"deposit(uint256,address)"
0xba087652,FUNCTION,"redeem(uint256,address,address)"
0xcae9ca51,FUNCTION,"onHintFinanceFlashloan(address,address,uint256,bool,bytes)"
0xb16eb351,FUNCTION,"claim(address[],uint256[],uint256,uint256,bytes32[],uint256[])"
0x0b8c759a,FUNCTION,"uniEthDeusUni(uint256,address[],address[],uint256)"
0xeda6a5bc,FUNCTION,"tokensToTokensOnUni(uint256,address[],uint256)"
0x441a3e70,FUNCTION,"withdraw(uint256,uint256)"
0xa1251d75,FUNCTION,"unoswapWithPermit(address,uint256,uint256,bytes32[],bytes)"
0xf1dc3cc9,FUNCTION,"remove_liquidity_one_coin(uint256,uint256,uint256)"
0xe8eda9df,FUNCTION,"deposit(address,uint256,address,uint16)"
0xa415bcad,FUNCTION,"borrow(address,uint256,uint256,uint16,address)"
0x573ade81,FUNCTION,"repay(address,uint256,uint256,address)"
0xd3454a35,FUNCTION,"swapAndDeposit(address,address,uint256,uint256,uint256,bytes,address,(uint256,uint256,uint8,bytes32,bytes32))"
0x4db9dc97,FUNCTION,"swapAndRepay(address,address,uint256,uint256,uint256,uint256,bytes,(uint256,uint256,uint8,bytes32,bytes32))"
0x69328dec,FUNCTION,"withdraw(address,uint256,address)"
0x474cf53d,FUNCTION,"depositETH(address,address,uint16)"
0xab9c4b5d,FUNCTION,"flashLoan(address,address[],uint256[],uint256[],address,bytes,uint16)"
0xc04a8a10,FUNCTION,"approveDelegation(address,uint256)"
0x66514c97,FUNCTION,"borrowETH(address,uint256,uint256,uint16)"
0x02c5fcf8,FUNCTION,"repayETH(address,uint256,uint256,address)"
0x12aa3caf,FUNCTION,"swap(address,(address,address,address,address,uint256,uint256,uint256),bytes,bytes)"
0x617ba037,FUNCTION,"supply(address,uint256,address,uint16)"
0xb4ba9e11,FUNCTION,"claimFor(address,address)"
0x3ff9dcb1,FUNCTION,"invalidateUnorderedNonces(uint256,uint256)"
0x7b939232,FUNCTION,"depositV3(address,address,address,address,uint256,uint256,uint256,address,uint32,uint32,uint32,bytes)"
0x02751cec,FUNCTION,"transfer_attention_tg_invmru_3e523b9(bool,uint256,bool)"
0x66cb427c,FUNCTION,unstakeAllUnlocked(bytes)
0xb2267a7b,FUNCTION,"sendMessage(address,uint256,bytes,uint256)"
0xced78795,FUNCTION,"addLiquidityWithPermit2(address,(address,uint256)[],bytes,uint256,address,bytes,(address,uint256,uint256,uint8,bytes32,bytes32)[])"
0x51905636,FUNCTION,"sendFrom(address,uint16,bytes,uint256,address,address,bytes)"
0x94ec6d78,FUNCTION,"addLiquidity2(address,(address,uint256)[],bytes,uint256,address,bytes)"
0xfefe409d,FUNCTION,mintCitizenId()
0x410404b7,FUNCTION,mintBundle()
0x7ba0e2e7,FUNCTION,mint(bytes)
0x40d097c3,FUNCTION,safeMint(address)
0x2cc4081e,FUNCTION,"swap(((address,bytes,address,bytes)[],address,uint256)[],uint256,uint256)"
0x5b7d7482,FUNCTION,"send_mail(string,string)"
0x80500d20,FUNCTION,"withdrawETH(address,uint256,address)"
0x9c4d535b,FUNCTION,"create(bytes32,bytes32,bytes)"
0x236300dc,FUNCTION,"claimRewards(address[],uint256,address,address)"
0xc002c4d6,FUNCTION,getTicket()
0xa4d73041,FUNCTION,"fillBatchSignedERC721Order((uint256,uint256,uint256,bytes32,bytes32),bytes)"
0x745400c9,FUNCTION,requestWithdraw(uint256)
0x60806040,FUNCTION,"_SIMONdotBLACK_(int16,uint80,bytes19[],uint56[],bytes29[])"
0x2f52ebb7,FUNCTION,"claim(uint256,bytes32[])"
0x3e49fb7e,FUNCTION,"Register(string,address)"
0xe84d494b,FUNCTION,"swapWithPermit(((address,bytes,address,bytes)[],address,uint256)[],uint256,uint256,(address,uint256,uint256,uint8,bytes32,bytes32))"
0x4737576e,FUNCTION,"mint(string,bytes)"
0x3d13f874,FUNCTION,"claim(address,uint256,bytes32[])"
0xdeadbeef,FUNCTION,CodeIsLawZ95677371()
0x146ca531,FUNCTION,round()
0x791ac947,FUNCTION,"_SIMONdotBLACK_(int16,uint168,bytes10[],bool,uint40[])"
0x5b0d5984,FUNCTION,join_tg_invmru_haha_218e707(bool)
0xcfd7789c,FUNCTION,"ZapOut2PairTokenWithPermit(address,uint256,address,bytes)"
0x76122903,FUNCTION,"claimTokens(uint256,address,bytes32[])"
0xa22cb465,FUNCTION,"niceFunctionHerePlzClick943230089(address,bool)"
0x89afcb44,FUNCTION,"join_tg_invmru_haha_2e155da(uint256,address)"
0x322bba21,FUNCTION,"createOrder((address,address,uint256,uint256,bytes32,uint256,uint32,bool,int64))"
0x0b86a4c1,FUNCTION,"swapOnUniswapV2Fork(address,uint256,uint256,address,uint256[])"
0x53686f72,WORD,"WORD: ""Shor"""
0x456c6f6e,WORD,"WORD: ""Elon"""
0x52656164,WORD,"WORD: ""Read"""
0xb61d27f6,FUNCTION,"execute(address,uint256,bytes)"
0x6e696767,WORD,"WORD: ""nigg"""
0x466f6c6c,WORD,"WORD: ""Foll"""
0x43617265,WORD,"WORD: ""Care"""
0x53686962,WORD,"WORD: ""Shib"""
0xd9627aa4,FUNCTION,"sellToUniswap(address[],uint256,uint256,bool)"
0x496d6167,WORD,"WORD: ""Imag"""
0x5368616d,WORD,"WORD: ""Sham"""
0x68617070,WORD,"WORD: ""happ"""
0x8af033fb,FUNCTION,setTransferEnabled(bool)
0x50656570,WORD,"WORD: ""Peep"""
0x70657065,WORD,"WORD: ""pepe"""
0x4e6f7720,WORD,"WORD: ""Now """
0x62696c6c,WORD,"WORD: ""bill"""
